entry_time,exit_time,asset_name,symbol,type,volume,entry_price,exit_price,profit,risk_usd,r_multiple,return_label,capital_at_exit
2025-11-19 11:40:24,2025-11-19 12:01:15,CRUDE OIL,XTIUSD.s,buy,0.83,60.473,60.243,-148.37,173.475,-1.099037037037037,-1.10,2551.63
2025-11-19 11:40:24,2025-11-19 12:01:15,CRUDE OIL,XTIUSD.s,buy,0.83,60.473,60.243,-148.37,163.9422275,-1.1629429031638598,-1.16,2403.26
2025-11-20 11:25:52,2025-11-20 14:13:21,EUR/USD,EURUSD.s,buy,1.14,1.15255,1.15118,-121.97,154.409455,-1.0150379068432045,-1.02,2281.2900000000004
2025-11-20 11:25:52,2025-11-20 14:13:21,EUR/USD,EURUSD.s,buy,1.14,1.15255,1.15118,-121.97,146.57288250000002,-1.0693072778997845,-1.07,2159.3200000000006
2025-11-20 15:32:06,2025-11-21 12:04:08,EUR/USD,EURUSD.s,buy,0.93,1.15301,1.15229,-52.31,138.73631000000003,-0.48450438100883597,-0.48,2107.0100000000007
2025-11-20 15:32:06,2025-11-21 12:04:08,EUR/USD,EURUSD.s,buy,0.93,1.15301,1.15229,-52.31,135.37539250000003,-0.4965330017418046,-0.50,2054.7000000000007
2025-11-21 14:47:06,2025-11-21 18:03:25,EUR/USD,EURUSD.s,buy,0.48,1.15234,1.14959,-102.96,132.01447500000003,-1.0021901007446339,-1.00,1951.7400000000007
2025-11-21 14:47:06,2025-11-21 18:03:25,EUR/USD,EURUSD.s,buy,0.48,1.15234,1.14959,-102.96,125.39929500000005,-1.055058563128285,-1.06,1848.7800000000007
2025-11-24 09:15:24,2025-11-24 11:40:17,CRUDE OIL,XTIUSD.s,sell,0.49,57.943,57.456,178.59,118.78411500000004,1.9319767630545541,+1.93,2027.3700000000006
2025-11-24 09:15:24,2025-11-24 13:46:49,CRUDE OIL,XTIUSD.s,sell,0.49,57.938,57.938,0.0,130.25852250000005,0.0,0.00 (BE),2027.3700000000006
2025-11-25 09:36:22,2025-11-25 21:10:23,EUR/USD,EURUSD.s,buy,0.65,1.15308,1.15761,218.53,130.25852250000005,2.155797905661028,+2.16,2245.9000000000005
2025-11-27 11:03:22,2025-11-28 02:07:13,GOLD,XAUUSD.s,sell,0.1,4157.29,4167.2,-74.84,144.29907500000002,-0.66645888062692,-0.67,2171.0600000000004
2025-11-27 11:03:22,2025-11-28 02:07:13,GOLD,XAUUSD.s,sell,0.1,4157.28,4167.2,-74.92,139.49060500000002,-0.6901697788177202,-0.69,2096.1400000000003
2025-11-25 15:30:01,2025-11-28 12:59:51,USD/CAD,USDCAD.s,sell,0.69,1.41027,1.40503,190.94,134.676995,1.8218248781092863,+1.82,2287.0800000000004
2025-11-26 13:32:26,2025-11-28 21:27:11,CRUDE OIL,XTIUSD.s,buy,0.35,58.018,58.658,165.78,146.94489000000002,1.4497087989926016,+1.45,2452.8600000000006
2025-12-01 11:39:13,2025-12-01 15:42:06,S&P 500,SP500.s,sell,1.6,6804.97,6805.07,-1.21,157.596255,-0.009866033935895238,-0.01,2451.6500000000005
2025-12-01 11:39:13,2025-12-01 15:42:06,S&P 500,SP500.s,sell,1.6,6804.97,6805.07,-1.21,157.51851250000004,-0.009870903269226844,-0.01,2450.4400000000005
2025-12-03 10:27:03,2025-12-03 10:57:20,S&P 500,SP500.s,sell,2.15,6834.1,6844.32,-165.68,157.44077000000004,-1.3522469434060818,-1.35,2284.7600000000007
2025-12-03 10:27:02,2025-12-03 10:57:20,S&P 500,SP500.s,sell,2.15,6834.15,6844.32,-164.87,146.79583000000005,-1.4432150422801515,-1.44,2119.890000000001
2025-11-25 15:30:01,2025-12-04 13:05:19,USD/CAD,USDCAD.s,sell,0.69,1.41027,1.39713,476.56,136.20293250000006,4.496082343895201,+4.50,2596.4500000000007
2025-11-25 09:36:22,2025-12-04 15:30:06,EUR/USD,EURUSD.s,buy,0.65,1.15308,1.16522,580.46,166.82191250000005,4.471181805927323,+4.47,3176.9100000000008
2025-12-05 09:55:18,2025-12-05 13:44:43,USD/CAD,USDCAD.s,buy,4.75,1.39482,1.39457,-65.14,204.11646750000006,-0.4100840124523514,-0.41,3111.770000000001
2025-12-05 10:00:59,2025-12-05 13:44:44,USD/CAD,USDCAD.s,buy,3.93,1.39502,1.39457,-97.01,199.93122250000008,-0.6235036651166376,-0.62,3014.7600000000007
2025-11-26 13:32:26,2025-12-08 13:13:04,CRUDE OIL,XTIUSD.s,buy,0.35,58.018,59.193,302.52,193.69833000000003,2.0069259244516973,+2.01,3317.2800000000007
2025-12-03 11:09:07,2025-12-08 13:13:04,CRUDE OIL,XTIUSD.s,buy,0.35,59.018,59.19,44.29,213.13524000000004,0.2670259972025273,+0.27,3361.5700000000006
2025-12-03 11:09:07,2025-12-08 13:13:04,CRUDE OIL,XTIUSD.s,buy,0.35,59.018,59.193,45.06,215.98087250000006,0.2680890179291223,+0.27,3406.6300000000006
2025-12-08 10:00:50,2025-12-08 13:37:13,GOLD,XAUUSD.s,sell,0.2,4204.66,4213.08,-126.45,218.87597750000003,-0.7423758964137578,-0.74,3280.1800000000007
2025-12-08 10:00:50,2025-12-08 13:37:13,GOLD,XAUUSD.s,sell,0.2,4204.66,4213.08,-126.45,210.75156500000006,-0.7709942747044368,-0.77,3153.730000000001
2025-12-10 08:18:27,2025-12-10 12:00:56,EUR/USD,EURUSD.s,buy,1.84,1.16341,1.16341,0.0,202.62715250000005,0.0,0.00 (BE),3153.730000000001
2025-12-10 08:18:27,2025-12-10 12:00:56,EUR/USD,EURUSD.s,buy,1.84,1.16341,1.16341,0.0,202.62715250000005,0.0,0.00 (BE),3153.730000000001
2025-12-08 16:34:27,2025-12-10 19:54:23,S&P 500,SP500.s,sell,1.3,6868.27,6850.14,176.59,202.62715250000005,1.1198802687611173,+1.12,3330.320000000001
2025-12-08 16:34:27,2025-12-10 21:34:08,S&P 500,SP500.s,sell,1.3,6868.35,6868.77,-4.09,213.9730600000001,-0.024562204232626283,-0.02,3326.230000000001
2025-12-11 16:50:04,2025-12-11 17:12:43,S&P 500,SP500.s,sell,1.38,6842.72,6863.22,-210.71,213.71027750000005,-1.2669598915288476,-1.27,3115.520000000001
2025-12-11 16:50:04,2025-12-11 17:12:43,S&P 500,SP500.s,sell,1.38,6842.7,6863.22,-210.92,200.17216000000008,-1.3539954806902212,-1.35,2904.600000000001
2025-12-09 11:05:00,2025-12-11 20:57:30,GOLD,XAUUSD.s,buy,0.09,4199.23,4271.88,487.38,186.62055000000004,3.3559181987192717,+3.36,3391.980000000001
2025-12-12 14:35:49,2025-12-12 16:48:21,CRUDE OIL,XTIUSD.s,buy,1.2,57.488,57.193,-269.99,217.93471500000004,-1.591931556200213,-1.59,3121.9900000000007
2025-12-12 14:35:49,2025-12-12 16:48:21,CRUDE OIL,XTIUSD.s,buy,1.2,57.488,57.193,-269.99,200.58785750000004,-1.7296019526007447,-1.73,2852.000000000001
2025-12-09 11:05:00,2025-12-12 17:20:59,GOLD,XAUUSD.s,buy,0.09,4199.29,4320.71,817.69,183.24100000000004,5.73415147265077,+5.73,3669.690000000001
2025-12-15 03:30:24,2025-12-15 12:21:30,CRUDE OIL,XTIUSD.s,buy,0.68,57.548,57.137,-213.01,235.77758250000005,-1.160915499674359,-1.16,3456.680000000001
2025-12-15 03:30:24,2025-12-15 12:21:30,CRUDE OIL,XTIUSD.s,buy,0.68,57.548,57.137,-213.01,222.09169000000006,-1.232454262471504,-1.23,3243.670000000001
2025-12-15 11:06:26,2025-12-15 19:53:50,GBP/USD,GBPUSD.s,buy,0.93,1.33773,1.33655,-83.75,208.40579750000006,-0.5163903849651781,-0.52,3159.920000000001
2025-12-15 11:06:26,2025-12-15 19:53:50,GBP/USD,GBPUSD.s,buy,0.93,1.33773,1.33655,-83.75,203.02486000000007,-0.5300767108028049,-0.53,3076.170000000001
2025-12-12 11:09:02,2025-12-16 10:27:06,S&P 500,SP500.s,sell,1.23,6896.1,6790.8,967.36,197.64392250000006,6.289379325589936,+6.29,4043.530000000001
2025-12-17 10:09:32,2025-12-17 15:58:42,GOLD,XAUUSD.s,sell,0.09,4311.1,4343.34,-217.22,259.79680250000007,-1.0744077575781554,-1.07,3826.3100000000013
2025-12-17 10:09:32,2025-12-17 15:58:42,GOLD,XAUUSD.s,sell,0.09,4311.1,4343.34,-217.22,245.8404175000001,-1.1354019930429051,-1.14,3609.0900000000015
2025-12-12 11:09:02,2025-12-18 09:17:53,S&P 500,SP500.s,sell,1.23,6896.1,6738.87,1445.92,231.8840325000001,8.012656930140281,+8.01,5055.010000000002
2025-12-18 14:48:59,2025-12-19 09:53:13,CRUDE OIL,XTIUSD.s,buy,1.12,55.993,55.699,-251.27,324.78439250000014,-0.9941424448220673,-0.99,4803.740000000002
2025-12-18 14:48:59,2025-12-19 09:53:13,CRUDE OIL,XTIUSD.s,buy,1.12,55.993,55.699,-251.27,308.6402950000001,-1.046143213412882,-1.05,4552.470000000001
2025-12-19 12:37:36,2025-12-22 16:07:42,CRUDE OIL,XTIUSD.s,buy,0.97,55.978,57.863,1333.98,292.49619750000005,5.860466955301186,+5.86,5886.450000000001
2025-12-24 16:40:58,2025-12-26 02:07:19,GOLD,XAUUSD.s,sell,0.09,4469.44,4502.56,-220.68,378.20441250000005,-0.7497897714242029,-0.75,5665.77
2025-12-24 16:40:58,2025-12-26 02:07:19,GOLD,XAUUSD.s,sell,0.09,4469.44,4502.56,-220.68,364.02572250000003,-0.7789938525566691,-0.78,5445.09
2025-12-26 02:26:00,2025-12-26 18:27:31,EUR/USD,EURUSD.s,buy,2.06,1.17906,1.17635,-422.28,349.8470325,-1.5510487429959834,-1.55,5022.81
2025-12-26 02:26:00,2025-12-26 18:27:31,EUR/USD,EURUSD.s,buy,2.06,1.17906,1.17635,-422.28,322.7155425,-1.6814492286190397,-1.68,4600.530000000001
2025-12-19 12:37:36,2025-12-29 09:52:21,CRUDE OIL,XTIUSD.s,buy,0.97,55.978,57.303,933.87,295.58405250000004,4.05983658404575,+4.06,5534.400000000001
2025-12-30 21:20:19,2025-12-31 13:37:04,CRUDE OIL,XTIUSD.s,sell,0.92,57.803,58.138,-233.69,355.5852,-0.8444998554495518,-0.84,5300.710000000001
2025-12-30 21:20:19,2025-12-31 13:37:04,CRUDE OIL,XTIUSD.s,sell,0.92,57.803,58.138,-233.69,340.5706175000001,-0.8817309379309561,-0.88,5067.020000000001
2025-12-29 08:28:26,2026-01-02 05:42:21,GOLD,XAUUSD.s,sell,0.07,4492.38,4374.75,610.53,325.55603500000007,2.4098187889528746,+2.41,5677.550000000001
2026-01-02 14:58:22,2026-01-05 13:43:48,CRUDE OIL,XTIUSD.s,sell,0.49,56.853,57.598,-276.46,364.78258750000003,-0.9738707717237186,-0.97,5401.090000000001
2026-01-02 14:58:22,2026-01-05 13:43:48,CRUDE OIL,XTIUSD.s,sell,0.49,56.853,57.598,-276.46,347.02003250000007,-1.023719286292211,-1.02,5124.630000000001
2026-01-06 11:47:11,2026-01-06 16:31:59,GOLD,XAUUSD.s,sell,0.16,4449.8,4474.4,-291.11,329.25747750000005,-1.136121046787768,-1.14,4833.520000000001
2026-01-06 11:47:11,2026-01-06 16:31:59,GOLD,XAUUSD.s,sell,0.16,4449.8,4474.4,-291.11,310.5536600000001,-1.2045465830285171,-1.20,4542.410000000002
2025-12-29 08:28:26,2026-01-06 20:16:37,GOLD,XAUUSD.s,sell,0.07,4492.54,4492.63,-0.47,291.84984250000014,0.0,0.00 (BE),4541.940000000001
2026-01-07 10:13:33,2026-01-07 16:39:36,CRUDE OIL,XTIUSD.s,buy,1.09,56.373,56.373,0.0,291.8196450000001,0.0,0.00 (BE),4541.940000000001
2026-01-07 10:13:33,2026-01-07 16:39:36,CRUDE OIL,XTIUSD.s,buy,1.09,56.373,56.373,0.0,291.8196450000001,0.0,0.00 (BE),4541.940000000001
2026-01-05 10:05:03,2026-01-09 06:09:34,USD/JPY,USDJPY.s,sell,0.82,156.921,157.296,-148.43,291.8196450000001,-0.653597361479896,-0.65,4393.510000000001
2026-01-05 10:05:03,2026-01-09 06:09:34,USD/JPY,USDJPY.s,sell,0.82,156.921,157.296,-148.43,282.2830175,-0.6756784438865507,-0.68,4245.080000000001
2026-01-08 15:20:43,2026-01-09 09:21:49,S&P 500,SP500.s,buy,1.47,6916.72,6915.35,-15.01,272.74639,-0.07071715962950048,-0.07,4230.070000000001
2026-01-08 15:20:43,2026-01-09 09:21:49,S&P 500,SP500.s,buy,1.47,6916.72,6915.34,-15.12,271.78199750000005,-0.07148817868262226,-0.07,4214.950000000001
2026-01-08 11:19:47,2026-01-09 22:00:01,CRUDE OIL,XTIUSD.s,buy,0.76,56.253,58.813,1422.09,270.81053750000007,6.747838052645936,+6.75,5637.040000000001
2026-01-13 12:00:20,2026-01-13 14:57:12,EUR/USD,EURUSD.s,buy,2.58,1.16735,1.16527,-406.74,362.17982,-1.4430977960064146,-1.44,5230.300000000001
2026-01-13 12:00:20,2026-01-13 14:57:12,EUR/USD,EURUSD.s,buy,2.58,1.16735,1.16527,-406.74,336.046775,-1.5553218744622677,-1.56,4823.560000000001
2026-01-08 11:19:47,2026-01-14 22:04:17,CRUDE OIL,XTIUSD.s,buy,0.75,56.253,60.148,2131.19,309.9137300000001,8.836585426531439,+8.84,6954.750000000002
2026-01-14 11:54:34,2026-01-15 03:37:02,EUR/USD,EURUSD.s,buy,2.58,1.16543,1.16331,-415.48,446.8426875000001,-1.194809302994356,-1.19,6539.270000000002
2026-01-14 11:54:34,2026-01-15 03:37:02,EUR/USD,EURUSD.s,buy,2.57,1.16543,1.16331,-413.87,420.1480975000001,-1.265798781821212,-1.27,6125.400000000002
2026-01-15 12:34:51,2026-01-15 15:02:15,EUR/USD,EURUSD.s,buy,1.93,1.16412,1.16178,-343.86,393.5569500000002,-1.1227348418062488,-1.12,5781.540000000003
2026-01-15 12:34:51,2026-01-15 15:02:15,EUR/USD,EURUSD.s,buy,1.93,1.16412,1.16178,-343.86,371.4639450000002,-1.1895100613331389,-1.19,5437.680000000003
2026-01-15 15:31:29,2026-01-15 18:11:55,GOLD,XAUUSD.s,sell,0.09,4597.71,4623.09,-170.65,349.3709400000002,-0.6276573832958169,-0.63,5267.030000000003
2026-01-15 15:31:29,2026-01-15 18:11:55,GOLD,XAUUSD.s,sell,0.09,4597.71,4623.1,-170.72,338.40667750000017,-0.6482590757979351,-0.65,5096.310000000003
2026-01-21 10:55:23,2026-01-21 13:37:09,CRUDE OIL,XTIUSD.s,sell,0.32,59.263,60.508,-302.93,327.4379175000002,-1.188820931222786,-1.19,4793.380000000003
2026-01-21 10:55:23,2026-01-21 13:37:09,CRUDE OIL,XTIUSD.s,sell,0.32,59.263,60.508,-302.93,307.9746650000002,-1.2639515331561437,-1.26,4490.450000000003
2026-01-21 14:28:54,2026-01-21 17:22:09,EUR/USD,EURUSD.s,buy,1.86,1.17251,1.17044,-292.39,288.5114125000002,-1.3022748276898743,-1.30,4198.060000000002
2026-01-21 14:28:54,2026-01-21 17:22:09,EUR/USD,EURUSD.s,buy,1.86,1.17251,1.17044,-292.39,269.72535500000015,-1.3929767559301192,-1.39,3905.6700000000023
2026-01-23 15:15:43,2026-01-23 23:35:32,EUR/USD,EURUSD.s,buy,1.66,1.17461,1.18244,934.16,250.93929750000012,4.783609470334152,+4.78,4839.830000000003
2026-01-23 15:15:43,2026-01-26 09:46:41,EUR/USD,EURUSD.s,buy,1.66,1.17461,1.1844,1166.65,310.95907750000015,4.821037102542856,+4.82,6006.480000000003
2026-01-27 16:55:02,2026-01-28 02:48:28,SILVER,XAGUSD.s,sell,0.07,107.117,113.577,-333.81,385.9163400000002,-1.11149958045311,-1.11,5672.670000000003
2026-01-27 16:55:02,2026-01-28 02:48:28,SILVER,XAGUSD.s,sell,0.07,107.117,113.577,-333.81,364.46904750000016,-1.1769061129944094,-1.18,5338.860000000002
2026-01-28 20:49:18,2026-01-29 01:16:02,SILVER,XAGUSD.s,sell,0.05,110.578,117.738,-264.44,343.02175500000016,-0.9906234664329083,-0.99,5074.420000000003
2026-01-28 20:49:18,2026-01-29 01:16:02,SILVER,XAGUSD.s,sell,0.05,110.578,117.738,-264.44,326.03148500000015,-1.042247192782623,-1.04,4809.980000000003
2026-01-29 11:52:39,2026-01-29 18:50:32,EUR/USD,EURUSD.s,sell,0.91,1.19526,1.19526,0.0,309.0412150000002,0.0,0.00 (BE),4809.980000000003
2026-01-29 11:52:39,2026-01-29 18:50:32,EUR/USD,EURUSD.s,sell,0.91,1.19526,1.19526,0.0,309.0412150000002,0.0,0.00 (BE),4809.980000000003
2026-01-30 13:12:18,2026-01-30 15:30:12,S&P 500,SP500.s,buy,1.66,6919.12,6918.35,-9.3,309.0412150000002,-0.03866959945779398,-0.04,4800.680000000003
2026-01-30 13:12:18,2026-01-30 15:30:12,S&P 500,SP500.s,buy,1.66,6919.15,6918.52,-7.61,308.4436900000002,-0.03170384195572292,-0.03,4793.070000000003
2026-01-30 16:30:04,2026-01-30 19:03:46,S&P 500,SP500.s,buy,1.35,6944.63,6918.08,-261.19,307.9547475000002,-1.0898651594906805,-1.09,4531.880000000004
2026-01-30 16:30:04,2026-01-30 19:03:46,S&P 500,SP500.s,buy,1.35,6944.63,6918.18,-260.21,291.17329000000024,-1.148353442721342,-1.15,4271.670000000004
2026-02-03 19:16:04,2026-02-04 12:31:55,EUR/USD,EURUSD.s,buy,0.62,1.1824,1.1808,-73.86,251.96729750000023,-0.3766762629186032,-0.38,3847.8100000000036
2026-02-03 19:16:04,2026-02-04 12:31:55,EUR/USD,EURUSD.s,buy,0.62,1.1824,1.1808,-73.86,247.22179250000025,-0.3839066897793806,-0.38,3773.9500000000035
2026-02-04 16:58:07,2026-02-04 21:48:21,S&P 500,SP500.s,sell,0.58,6903.67,6904.07,-1.7,242.47628750000024,-0.0090091283668305,-0.01,3772.2500000000036
2026-02-04 16:58:07,2026-02-04 21:48:21,S&P 500,SP500.s,sell,0.58,6903.61,6904.07,-1.96,242.36706250000023,-0.01039167605540459,-0.01,3770.2900000000036
2026-02-04 18:46:53,2026-02-06 15:00:16,GOLD,XAUUSD.s,sell,0.01,4881.1,4906.64,-18.8,242.24113250000025,-0.0997270766970179,-0.10,3751.4900000000034
2026-02-04 18:46:53,2026-02-06 15:00:20,GOLD,XAUUSD.s,sell,0.01,4881.1,4911.3,-22.23,241.0332325000002,-0.11851291087008085,-0.12,3729.2600000000034
2026-02-09 03:30:35,2026-02-11 15:33:12,USD/JPY,USDJPY.s,sell,0.54,156.465,154.573,475.68,239.60495500000025,2.5510691129071157,+2.55,4204.940000000003
2026-02-12 17:38:09,2026-02-12 21:42:52,S&P 500,SP500.s,sell,1.18,6932.1,6874.74,496.81,270.1673950000002,2.362982587147496,+2.36,4701.750000000004
2026-02-13 09:27:56,2026-02-13 09:28:18,USD/JPY,USDJPY.s,buy,1.01,153.447,153.427,-9.87,302.08743750000025,-0.04198436752273086,-0.04,4691.880000000004
2026-02-13 16:28:27,2026-02-16 11:53:54,USD/JPY,USDJPY.s,sell,0.96,152.83,153.608,-363.43,301.4532900000002,-1.5491871062345999,-1.55,4328.4500000000035
2026-02-13 16:28:27,2026-02-16 11:53:54,USD/JPY,USDJPY.s,sell,0.95,152.83,153.608,-359.64,278.10291250000023,-1.6617495870346184,-1.66,3968.8100000000036
2026-02-09 03:30:35,2026-02-17 17:34:02,USD/JPY,USDJPY.s,sell,0.54,156.465,153.761,689.14,254.99604250000021,3.4727789942073284,+3.47,4657.9500000000035
2026-02-12 17:38:09,2026-02-17 20:39:56,S&P 500,SP500.s,sell,1.18,6932.09,6851.47,701.57,299.2732875000002,3.012355220644273,+3.01,5359.520000000003
2026-02-12 18:14:20,2026-02-19 10:15:28,AUD/USD,AUDUSD.s,sell,0.87,0.71033,0.70771,165.32,344.3491600000002,0.6169209182911899,+0.62,5524.840000000003
2026-02-12 18:14:20,2026-02-19 10:17:18,AUD/USD,AUDUSD.s,sell,0.87,0.71033,0.70772,164.68,354.97097000000014,0.5961439607300842,+0.60,5689.520000000003
2026-02-24 10:00:17,2026-02-24 10:24:05,S&P 500,SP500.s,sell,1.89,6850.11,6850.08,0.42,365.5516600000002,0.0,0.00 (BE),5689.940000000003
2026-02-24 10:00:17,2026-02-24 10:24:05,S&P 500,SP500.s,sell,1.89,6850.11,6850.08,0.42,365.5786450000002,0.0,0.00 (BE),5690.360000000003
2026-02-23 11:14:54,2026-02-24 17:27:02,CRUDE OIL,XTIUSD.s,buy,0.33,65.988,65.973,-3.74,365.60563000000025,-0.0131450382752585,-0.01,5686.6200000000035
2026-02-23 11:14:54,2026-02-24 17:27:02,CRUDE OIL,XTIUSD.s,buy,0.33,65.988,65.988,0.0,365.36533500000024,0.0,0.00 (BE),5686.6200000000035
2026-02-25 08:46:27,2026-02-25 14:06:15,USD/JPY,USDJPY.s,buy,1.07,155.792,156.716,457.75,365.36533500000024,1.6099194248956312,+1.61,6144.3700000000035
2026-02-25 08:46:27,2026-02-26 04:00:31,USD/JPY,USDJPY.s,buy,1.07,155.792,155.791,-0.52,394.7757725000002,0.0,0.00 (BE),6143.850000000003
2026-02-26 10:33:18,2026-02-27 15:15:27,GOLD,XAUUSD.s,sell,0.04,5174.31,5216.95,-126.63,394.7423625000002,-0.4122170951439242,-0.41,6017.220000000003
2026-02-26 10:33:18,2026-02-27 15:15:27,GOLD,XAUUSD.s,sell,0.04,5174.27,5216.95,-126.75,386.60638500000016,-0.4212908951309739,-0.42,5890.470000000003
2026-02-26 16:43:01,2026-02-27 17:01:26,S&P 500,SP500.s,sell,0.54,6926.25,6854.45,288.15,378.4626975000002,0.9783599610896917,+0.98,6178.620000000003
2026-03-02 21:38:43,2026-03-03 08:01:54,GBP/USD,GBPUSD.s,buy,0.6,1.34268,1.33591,-310.14,396.9763350000002,-1.0039134952465107,-1.00,5868.480000000002
2026-03-02 21:38:43,2026-03-03 08:01:54,GBP/USD,GBPUSD.s,buy,0.6,1.34268,1.33591,-310.14,377.0498400000002,-1.0569687551120557,-1.06,5558.340000000002
2026-02-26 16:43:01,2026-03-04 09:24:18,S&P 500,SP500.s,sell,0.54,6926.25,6792.2,542.35,357.1233450000001,1.9514819172630673,+1.95,6100.690000000002
2026-03-05 08:06:46,2026-03-05 11:11:32,FTSE 100,UK100.s,sell,0.3,10538.71,10637.73,-297.06,391.9693325000002,-0.9738570555133923,-0.97,5803.630000000002
2026-03-05 08:06:47,2026-03-05 11:11:32,FTSE 100,UK100.s,sell,0.3,10538.71,10637.73,-297.06,372.8832275000001,-1.0237041300013954,-1.02,5506.5700000000015
2026-03-04 09:31:47,2026-03-05 18:10:32,GBP/USD,GBPUSD.s,buy,0.53,1.33703,1.33018,-278.39,353.79712250000006,-1.011119444590734,-1.01,5228.180000000001
2026-03-04 09:31:47,2026-03-05 18:10:32,GBP/USD,GBPUSD.s,buy,0.53,1.33703,1.33018,-278.39,335.910565,-1.0649595078975855,-1.06,4949.790000000001
